{"cameraMode":{"drawMode":0,"name":"Shaded","section":"Shading Mode"},"sceneLighting":true,"audioPlay":false,"sceneViewState":{"m_AlwaysRefresh":false,"showFog":true,"showSkybox":true,"showFlares":true,"showImageEffects":true,"showParticleSystems":true,"showVisualEffectGraphs":true,"m_FxEnabled":true},"in2DMode":false,"pivot":{"x":-0.5499999523162842,"y":4.8061842918396,"z":-11.555709838867188},"rotation":{"x":0.2655857503414154,"y":-0.0014529334148392082,"z":0.0003966958320233971,"w":0.9640975594520569},"size":3.8011577129364015,"orthographic":false}