{"cameraMode":{"drawMode":0,"name":"Shaded","section":"Shading Mode"},"sceneLighting":true,"audioPlay":false,"sceneViewState":{"m_AlwaysRefresh":false,"showFog":true,"showSkybox":true,"showFlares":true,"showImageEffects":true,"showParticleSystems":true,"showVisualEffectGraphs":true,"m_FxEnabled":true},"in2DMode":false,"pivot":{"x":-0.7546163201332092,"y":6.8190083503723148,"z":-12.23263931274414},"rotation":{"x":-0.3846307694911957,"y":-0.003604508936405182,"z":0.0014923529233783484,"w":-0.9230680465698242},"size":7.5970139503479,"orthographic":false}